Layer,NSP,nburnt,%burn
I,5631,37,0.6570768957556384
I/J,301,2,0.6644518272425249
J,776,3,0.3865979381443299
K,606,3,0.49504950495049505
