Layer,NSP,%burn
I,5631,0.6570768957556384
I/J,301,0.6644518272425249
J,776,0.3865979381443299
K,606,0.49504950495049505
