lev.final,Taxon.mod,NSP,tot.NSP,ID.rate
I,identifiable,1103,5537,19.92053458551562
I,unidentifiable,4434,5537,80.07946541448437
I/J,identifiable,86,301,28.57142857142857
I/J,unidentifiable,215,301,71.42857142857143
J,identifiable,240,760,31.57894736842105
J,unidentifiable,520,760,68.42105263157895
J/K,identifiable,43,114,37.719298245614034
J/K,unidentifiable,71,114,62.28070175438597
K,identifiable,154,590,26.101694915254235
K,unidentifiable,436,590,73.89830508474576
