.y.,group1,group2,n1,n2,statistic,df,p,p.adj,p.adj.signif
BONE_LENGTH,I,J,5309,541,-1.6786241174321215,628.0123719287348,0.094,0.281,ns
BONE_LENGTH,I,K,5309,495,-1.5803428867193132,557.77649156352,0.115,0.281,ns
BONE_LENGTH,J,K,541,495,-0.05408740439984834,1008.9778783400689,0.957,0.957,ns
