Layer,Lithic,buckets,lithic.density
I,1701,900,1.89
I/J,89,325,0.273846154
J,38,1611,0.023587834
J/K,1,540,0.001851852
K,81,1431,0.056603774
