Layer,Analysed,NSP,%
I,5631,12685,44.391013007489164
I/J,301,1518,19.828722002635047
J,776,1294,59.969088098918085
J/K,117,185,63.24324324324324
K,606,714,84.87394957983193
